{"am": {"b1k": [0.6433226466178894], "b2k": [0.6193493604660034], "bt": [0.001241336460225284], "c1": [0.6204096674919128], "c2": [0.525162935256958], "gluon": [0.0057929037138819695], "ra": [0.00618082145228982], "ram": [0.008275576867163181], "tv2": [0.12167683988809586]}, "a2": {"a3": [0.15069307386875153], "am": [0.6899762153625488], "b1k": [0.30940312147140503], "b2k": [0.1406847983598709], "bt": [0.20425157248973846], "c1": [0.25959450006484985], "c2": [0.16729596257209778], "gluon": [0.6492448449134827], "ra": [0.5500413775444031], "ram": [0.6981741786003113], "tv2": [0.0745319128036499]}, "a3": {"am": [0.7042515873908997], "b1k": [0.3039981424808502], "b2k": [0.26119789481163025], "bt": [0.21873383224010468], "c1": [0.35546189546585083], "c2": [0.3341522812843323], "gluon": [0.684829831123352], "ra": [0.6623564958572388], "ram": [0.6876745820045471], "tv2": [0.08086790144443512]}, "c1": {"c2": [0.00713768508285284], "gluon": [0.5351453423500061], "ra": [0.5100082755088806], "ram": [0.4902503490447998], "tv2": [0.0018878659466281533]}, "a1": {"a1h": [0.13421951234340668], "a2": [0.1317109763622284], "a3": [0.06367021799087524], "am": [0.7136391997337341], "b1k": [0.27725768089294434], "b2k": [0.28509360551834106], "bt": [0.2350780963897705], "c1": [0.4446829557418823], "c2": [0.17257162928581238], "gluon": [0.7076135277748108], "ra": [0.6722354292869568], "ram": [0.7172338962554932], "tv2": [0.06576497107744217]}, "a1h": {"a2": [0.02063721977174282], "a3": [0.14572773873806], "am": [0.32825592160224915], "b1k": [0.008663494139909744], "b2k": [0.007965242490172386], "bt": [0.04492086544632912], "c1": [0.004163649398833513], "c2": [0.01256853248924017], "gluon": [0.23399193584918976], "ra": [0.17337332665920258], "ram": [0.36076343059539795], "tv2": [0.002922313055023551]}, "b1k": {"b2k": [0.006904934532940388], "bt": [0.3112392723560333], "c1": [0.008146271109580994], "c2": [0.008947967551648617], "gluon": [0.6415382027626038], "ra": [0.6024878621101379], "ram": [0.6454949975013733], "tv2": [0.0036464259028434753]}, "ram": {"tv2": [0.09791041910648346]}, "bt": {"c1": [0.054748110473155975], "c2": [0.019370021298527718], "gluon": [0.0013706423342227936], "ra": [0.0013706423342227936], "ram": [0.0010344471083953977], "tv2": [0.45241543650627136]}, "gluon": {"ra": [0.008016965351998806], "ram": [0.0044481223449110985], "tv2": [0.06948897987604141]}, "tv2": {}, "c2": {"gluon": [0.41406330466270447], "ra": [0.42725250124931335], "ram": [0.47144925594329834], "tv2": [0.0034136753529310226]}, "ra": {"ram": [0.00918071810156107], "tv2": [0.03868832066655159]}, "b2k": {"bt": [0.22333712875843048], "c1": [0.0070083788596093655], "c2": [0.005353263579308987], "gluon": [0.5682476758956909], "ra": [0.577040433883667], "ram": [0.6096513867378235], "tv2": [0.004008482675999403]}}
