{"ac": [0.34457695484161377, 0.3239603042602539, 0.31202632188796997, 0.3105177581310272, 0.32653072476387024, 0.3728848695755005, 0.47486841678619385, 0.676659107208252, 1.0603203773498535, 1.7519723176956177, 2.665557622909546, 3.3256871700286865, 3.6036055088043213, 3.474372625350952, 2.7887489795684814, 1.6883070468902588, 0.8896617293357849, 0.5322909355163574, 0.37973690032958984, 0.3152334988117218, 0.2886185646057129, 0.2819165587425232, 0.28748977184295654, 0.3007303476333618, 0.32125723361968994], "a_univ_c_univ": [0.3445773720741272, 0.33898407220840454, 0.3369019627571106, 0.33867788314819336, 0.3456134796142578, 0.3609198331832886, 0.38558709621429443, 0.42283934354782104, 0.4756845235824585, 0.5433277487754822, 0.6155689358711243, 0.6760664582252502, 0.7028143405914307, 0.6818140745162964, 0.6286706328392029, 0.5645853281021118, 0.5027127861976624, 0.44784775376319885, 0.40453648567199707, 0.37051787972450256, 0.34587445855140686, 0.3302140533924103, 0.3217249810695648, 0.3195638358592987, 0.32126131653785706], "ab": [0.34457695484161377, 0.3223609924316406, 0.31082335114479065, 0.3099489212036133, 0.3238590955734253, 0.3630448877811432, 0.4536837935447693, 0.669517457485199, 1.1531472206115723, 1.9860732555389404, 2.800746440887451, 3.189614772796631, 3.0286190509796143, 2.3259835243225098, 1.4400405883789062, 0.8843110203742981, 0.6020565629005432, 0.45802900195121765, 0.38560086488723755, 0.35236385464668274, 0.33929774165153503, 0.33753013610839844, 0.34365856647491455, 0.3572908341884613, 0.37621963024139404], "a_univ_b_univ": [0.3445773720741272, 0.3399506211280823, 0.3407326340675354, 0.3457745313644409, 0.35866957902908325, 0.3837139308452606, 0.4248051643371582, 0.4984988272190094, 0.6101399660110474, 0.7602149844169617, 0.9289359450340271, 1.0716103315353394, 1.1400455236434937, 1.1041786670684814, 0.9872029423713684, 0.8383985161781311, 0.7046841979026794, 0.5977498888969421, 0.5174479484558105, 0.4609837532043457, 0.4256473779678345, 0.40344133973121643, 0.3893330991268158, 0.3806699216365814, 0.37621843814849854], "bc": [0.37621963024139404, 0.34816572070121765, 0.32856687903404236, 0.3199678361415863, 0.3239942789077759, 0.34551113843917847, 0.39367926120758057, 0.48481783270835876, 0.6687304973602295, 1.0540249347686768, 1.7734246253967285, 2.593961715698242, 3.0218937397003174, 2.916267156600952, 2.27008318901062, 1.3826854228973389, 0.7783045768737793, 0.4923802316188812, 0.36569181084632874, 0.3094916343688965, 0.2840472459793091, 0.2779395580291748, 0.2834714651107788, 0.29794803261756897, 0.32125723361968994], "b_univ_c_univ": [0.37621843814849854, 0.3755083382129669, 0.3785952925682068, 0.3868449032306671, 0.40151917934417725, 0.42758890986442566, 0.46996113657951355, 0.540579617023468, 0.644991934299469, 0.7833893299102783, 0.9545539021492004, 1.1198545694351196, 1.1925240755081177, 1.124366044998169, 0.9527907371520996, 0.7701966762542725, 0.6212632656097412, 0.5164079666137695, 0.4423559606075287, 0.3912094235420227, 0.3547879457473755, 0.3305358290672302, 0.31823480129241943, 0.31669697165489197, 0.32126131653785706]}
